count,mse,rmse,mae,r2,r2_adjusted,mad,mape,rmsle,learning_rate,batch_size,epoch,weight_decay,use_more_gpu,device,feature_size,num_layers,dropout,nhead,activate_function,dim_feedforward_num,LSTM_hidden_size
1,53.44018730346898,7.310279563974895,5.298553823957255,0.4051721728018459,0.19896519270648583,3.2655775070190423,23.167320529583694,0.3124179219587784,0.001_1e-06_1e-08,512,2000,0.001,False,0,26,1,0.1,2,LeakyReLU,2048,2
2,53.44018730346898,7.310279563974895,5.298553823957255,0.4051721728018459,0.19896519270648583,3.2655775070190423,23.167320529583694,0.3124179219587784,0.001_1e-06_1e-08,512,2000,0.001,False,0,26,1,0.1,2,LeakyReLU,2048,2
